,1,2,3,4,5,6,7,8,9,10,11,12,13,14,15,16,17,18,19,20,21,22,23,24,25,26,27,28,29,30,31,32,33,34,35,36,37,38,39,40,41,42,43,44,45,46,47,48,49,50,NA,1,2,3,4,5,6,7,8,9,10,11,12,13,14,15,16,17,18,19,20,21,22,23,24,25,26,27,28,29,30,31,32,33,34,35,36,37,38,39,40,41,42,43,44,45,46,47,48,49,50,NA,1,2,3,4,5,6,7,8,9,10,11,12,13,14,15,16,17,18,19,20,21,22,23,24,25,26,27,28,29,30,31,32,33,34,35,36,37,38,39,40,41,42,43,44,45,46,47,48,49,50
Median Balance (among Delinquents),1762.03,1640.53,1894.52,1949.58,1940.72,1715.18,1888.12,1883.64,1795.08,1696.88,1767.01,1741.38,1894.92,1746.97,1652.22,1851.07,1664.2,1831.68,1796.68,1923.43,1893.02,1785.87,1837.71,1741.3,1774.38,1716.68,1962.82,1763.45,1867.17,1812.85,1918.63,1646.99,1851.57,1828.66,1898.19,1900.02,2079.34,1762.41,1908.48,1620.29,1693.12,1670.53,1790.29,2020.72,1858.38,1589.57,1875.35,1809.07,2093.08,1875.95,,1762.03,1640.53,1894.52,1949.58,1940.72,1715.18,1888.12,1883.64,1795.08,1696.88,1767.01,1741.38,1894.92,1746.97,1652.22,1851.07,1664.2,1831.68,1796.68,1923.43,1893.02,1785.87,1837.71,1741.3,1774.38,1716.68,1962.82,1763.45,1867.17,1812.85,1918.63,1646.99,1851.57,1828.66,1898.19,1900.02,2079.34,1762.41,1908.48,1620.29,1693.12,1670.53,1790.29,2020.72,1858.38,1589.57,1875.35,1809.07,2093.08,1875.95,,-0.49,-1.56,0.68,1.16,1.08,-0.9,0.62,0.58,-0.2,-1.06,-0.45,-0.67,0.68,-0.62,-1.46,0.29,-1.35,0.12,-0.18,0.93,0.66,-0.28,0.18,-0.67,-0.38,-0.89,1.28,-0.48,0.44,-0.04,0.89,-1.5,0.3,0.1,0.71,0.73,2.31,-0.49,0.8,-1.74,-1.1,-1.3,-0.24,1.79,0.36,-2.01,0.51,-0.08,2.43,0.51
Median Market Value,119900,120000,119150,119700,118950,118700,119800,118200,120300,118200,119900,119350,118300,119700,118700,121400,120400,119200,119800,119600,119250,118950,120000,118700,119900,120600,119650,120000,120800,120000,121150,119700,118800,118300,121500,119800,118700,119700,120900,120600,119800,120500,118700,119300,121900,121250,121400,122300,118200,119500,,119900,120000,119150,119700,118950,118700,119800,118200,120300,118200,119900,119350,118300,119700,118700,121400,120400,119200,119800,119600,119250,118950,120000,118700,119900,120600,119650,120000,120800,120000,121150,119700,118800,118300,121500,119800,118700,119700,120900,120600,119800,120500,118700,119300,121900,121250,121400,122300,118200,119500,,0.12,0.22,-0.63,-0.08,-0.83,-1.07,0.02,-1.57,0.51,-1.57,0.12,-0.43,-1.47,-0.08,-1.07,1.61,0.61,-0.58,0.02,-0.18,-0.53,-0.83,0.22,-1.07,0.12,0.81,-0.13,0.22,1.01,0.22,1.36,-0.08,-0.97,-1.47,1.7,0.02,-1.07,-0.08,1.11,0.81,0.02,0.71,-1.07,-0.48,2.1,1.46,1.61,2.5,-1.57,-0.28
EXEMPT CODE,,,,,,,,,,,,,,,,,,,,,,,,,,,,,,,,,,,,,,,,,,,,,,,,,,,,,,,,,,,,,,,,,,,,,,,,,,,,,,,,,,,,,,,,,,,,,,,,,,,,,,,,,,,,,,,,,,,,,,,,,,,,,,,,,,,,,,,,,,,,,,,,,,,,,,,,
,6630,6562,6698,6588,6618,6711,6723,6616,6679,6622,6565,6584,6595,6639,6576,6592,6687,6646,6736,6615,6640,6588,6708,6598,6574,6687,6672,6567,6594,6557,6542,6543,6592,6694,6609,6605,6682,6673,6627,6677,6670,6620,6640,6548,6659,6584,6674,6636,6575,6555,,1,0.99,1.01,0.98,0.99,1,1.02,1,1.02,1,0.99,1,0.99,0.99,0.99,0.99,1.02,1.01,1.03,1,1,1,1.01,0.98,0.99,1,1.02,1,1.01,0.99,0.99,0.99,0.99,1,0.99,0.99,1.02,1.01,1.01,1.01,1.01,1,1,0.98,1,0.98,1.02,1.01,1.01,0.99,,-0.04,-0.58,0.68,-1.55,-0.68,0.25,1.94,0.36,1.69,0.33,-0.85,-0.3,-0.6,-0.93,-1.2,-1.21,1.49,0.74,2.41,0.25,0.08,-0.25,0.8,-1.43,-1.23,-0.04,1.3,-0.25,0.61,-0.48,-1.14,-0.82,-0.64,-0.25,-0.8,-1.05,1.43,1.07,1.03,1.02,0.46,0.15,-0.04,-2.05,-0.18,-1.31,1.33,0.61,0.37,-0.5
0,0,0,0,0,0,0,0,0,0,0,0,0,0,0,0,0,0,0,0,0,0,0,0,0,0,0,0,0,0,0,0,0,0,0,0,0,0,0,0,0,0,0,0,0,0,0,0,0,0,0,,0,0,0,0,0,0,0,0,0,0,0,0,0,0,0,0,0,0,0,0,0,0,0,0,0,0,0,0,0,0,0,0,0,0,0,0,0,0,0,0,0,0,0,0,0,0,0,0,0,0,,,,,,,,,,,,,,,,,,,,,,,,,,,,,,,,,,,,,,,,,,,,,,,,,,,
1,0,0,0,0,0,0,0,0,0,0,0,0,0,0,0,0,0,0,0,0,0,0,0,0,0,0,0,0,0,0,0,0,0,0,0,0,0,0,0,0,0,0,0,0,0,0,0,0,0,0,,0,0,0,0,0,0,0,0,0,0,0,0,0,0,0,0,0,0,0,0,0,0,0,0,0,0,0,0,0,0,0,0,0,0,0,0,0,0,0,0,0,0,0,0,0,0,0,0,0,0,,,,,,,,,,,,,,,,,,,,,,,,,,,,,,,,,,,,,,,,,,,,,,,,,,,
2,0,0,0,0,0,0,0,0,0,0,0,0,0,0,0,0,0,0,0,0,0,0,0,0,0,0,0,0,0,0,0,0,0,0,0,0,0,0,0,0,0,0,0,0,0,0,0,0,0,0,,0,0,0,0,0,0,0,0,0,0,0,0,0,0,0,0,0,0,0,0,0,0,0,0,0,0,0,0,0,0,0,0,0,0,0,0,0,0,0,0,0,0,0,0,0,0,0,0,0,0,,,,,,,,,,,,,,,,,,,,,,,,,,,,,,,,,,,,,,,,,,,,,,,,,,,
3,0,0,0,0,0,0,0,0,0,0,0,0,0,0,0,0,0,0,0,0,0,0,0,0,0,0,0,0,0,0,0,0,0,0,0,0,0,0,0,0,0,0,0,0,0,0,0,0,0,0,,0,0,0,0,0,0,0,0,0,0,0,0,0,0,0,0,0,0,0,0,0,0,0,0,0,0,0,0,0,0,0,0,0,0,0,0,0,0,0,0,0,0,0,0,0,0,0,0,0,0,,,,,,,,,,,,,,,,,,,,,,,,,,,,,,,,,,,,,,,,,,,,,,,,,,,
5,0,0,0,0,0,0,0,0,0,0,0,0,0,0,0,0,0,0,0,0,0,0,0,0,0,0,0,0,0,0,0,0,0,0,0,0,0,0,0,0,0,0,0,0,0,0,0,0,0,0,,0,0,0,0,0,0,0,0,0,0,0,0,0,0,0,0,0,0,0,0,0,0,0,0,0,0,0,0,0,0,0,0,0,0,0,0,0,0,0,0,0,0,0,0,0,0,0,0,0,0,,,,,,,,,,,,,,,,,,,,,,,,,,,,,,,,,,,,,,,,,,,,,,,,,,,
6,0,0,0,0,0,0,0,0,0,0,0,0,0,0,0,0,0,0,0,0,0,0,0,0,0,0,0,0,0,0,0,0,0,0,0,0,0,0,0,0,0,0,0,0,0,0,0,0,0,0,,0,0,0,0,0,0,0,0,0,0,0,0,0,0,0,0,0,0,0,0,0,0,0,0,0,0,0,0,0,0,0,0,0,0,0,0,0,0,0,0,0,0,0,0,0,0,0,0,0,0,,,,,,,,,,,,,,,,,,,,,,,,,,,,,,,,,,,,,,,,,,,,,,,,,,,
7,0,0,0,0,0,0,0,0,0,0,0,0,0,0,0,0,0,0,0,0,0,0,0,0,0,0,0,0,0,0,0,0,0,0,0,0,0,0,0,0,0,0,0,0,0,0,0,0,0,0,,0,0,0,0,0,0,0,0,0,0,0,0,0,0,0,0,0,0,0,0,0,0,0,0,0,0,0,0,0,0,0,0,0,0,0,0,0,0,0,0,0,0,0,0,0,0,0,0,0,0,,,,,,,,,,,,,,,,,,,,,,,,,,,,,,,,,,,,,,,,,,,,,,,,,,,
8,0,0,0,0,0,0,0,0,0,0,0,0,0,0,0,0,0,0,0,0,0,0,0,0,0,0,0,0,0,0,0,0,0,0,0,0,0,0,0,0,0,0,0,0,0,0,0,0,0,0,,0,0,0,0,0,0,0,0,0,0,0,0,0,0,0,0,0,0,0,0,0,0,0,0,0,0,0,0,0,0,0,0,0,0,0,0,0,0,0,0,0,0,0,0,0,0,0,0,0,0,,,,,,,,,,,,,,,,,,,,,,,,,,,,,,,,,,,,,,,,,,,,,,,,,,,
9,0,0,0,0,0,0,0,0,0,0,0,0,0,0,0,0,0,0,0,0,0,0,0,0,0,0,0,0,0,0,0,0,0,0,0,0,0,0,0,0,0,0,0,0,0,0,0,0,0,0,,0,0,0,0,0,0,0,0,0,0,0,0,0,0,0,0,0,0,0,0,0,0,0,0,0,0,0,0,0,0,0,0,0,0,0,0,0,0,0,0,0,0,0,0,0,0,0,0,0,0,,,,,,,,,,,,,,,,,,,,,,,,,,,,,,,,,,,,,,,,,,,,,,,,,,,
A,0,0,0,0,0,0,0,0,0,0,0,0,0,0,0,0,0,0,0,0,0,0,0,0,0,0,0,0,0,0,0,0,0,0,0,0,0,0,0,0,0,0,0,0,0,0,0,0,0,0,,0,0,0,0,0,0,0,0,0,0,0,0,0,0,0,0,0,0,0,0,0,0,0,0,0,0,0,0,0,0,0,0,0,0,0,0,0,0,0,0,0,0,0,0,0,0,0,0,0,0,,,,,,,,,,,,,,,,,,,,,,,,,,,,,,,,,,,,,,,,,,,,,,,,,,,
B,0,0,0,0,0,0,0,0,0,0,0,0,0,0,0,0,0,0,0,0,0,0,0,0,0,0,0,0,0,0,0,0,0,0,0,0,0,0,0,0,0,0,0,0,0,0,0,0,0,0,,0,0,0,0,0,0,0,0,0,0,0,0,0,0,0,0,0,0,0,0,0,0,0,0,0,0,0,0,0,0,0,0,0,0,0,0,0,0,0,0,0,0,0,0,0,0,0,0,0,0,,,,,,,,,,,,,,,,,,,,,,,,,,,,,,,,,,,,,,,,,,,,,,,,,,,
C,0,0,0,0,0,0,0,0,0,0,0,0,0,0,0,0,0,0,0,0,0,0,0,0,0,0,0,0,0,0,0,0,0,0,0,0,0,0,0,0,0,0,0,0,0,0,0,0,0,0,,0,0,0,0,0,0,0,0,0,0,0,0,0,0,0,0,0,0,0,0,0,0,0,0,0,0,0,0,0,0,0,0,0,0,0,0,0,0,0,0,0,0,0,0,0,0,0,0,0,0,,,,,,,,,,,,,,,,,,,,,,,,,,,,,,,,,,,,,,,,,,,,,,,,,,,
D,0,0,0,0,0,0,0,0,0,0,0,0,0,0,0,0,0,0,0,0,0,0,0,0,0,0,0,0,0,0,0,0,0,0,0,0,0,0,0,0,0,0,0,0,0,0,0,0,0,0,,0,0,0,0,0,0,0,0,0,0,0,0,0,0,0,0,0,0,0,0,0,0,0,0,0,0,0,0,0,0,0,0,0,0,0,0,0,0,0,0,0,0,0,0,0,0,0,0,0,0,,,,,,,,,,,,,,,,,,,,,,,,,,,,,,,,,,,,,,,,,,,,,,,,,,,
E,0,0,0,0,0,0,0,0,0,0,0,0,0,0,0,0,0,0,0,0,0,0,0,0,0,0,0,0,0,0,0,0,0,0,0,0,0,0,0,0,0,0,0,0,0,0,0,0,0,0,,0,0,0,0,0,0,0,0,0,0,0,0,0,0,0,0,0,0,0,0,0,0,0,0,0,0,0,0,0,0,0,0,0,0,0,0,0,0,0,0,0,0,0,0,0,0,0,0,0,0,,,,,,,,,,,,,,,,,,,,,,,,,,,,,,,,,,,,,,,,,,,,,,,,,,,
F,0,0,0,0,0,0,0,0,0,0,0,0,0,0,0,0,0,0,0,0,0,0,0,0,0,0,0,0,0,0,0,0,0,0,0,0,0,0,0,0,0,0,0,0,0,0,0,0,0,0,,0,0,0,0,0,0,0,0,0,0,0,0,0,0,0,0,0,0,0,0,0,0,0,0,0,0,0,0,0,0,0,0,0,0,0,0,0,0,0,0,0,0,0,0,0,0,0,0,0,0,,,,,,,,,,,,,,,,,,,,,,,,,,,,,,,,,,,,,,,,,,,,,,,,,,,
H,0,0,0,0,0,0,0,0,0,0,0,0,0,0,0,0,0,0,0,0,0,0,0,0,0,0,0,0,0,0,0,0,0,0,0,0,0,0,0,0,0,0,0,0,0,0,0,0,0,0,,0,0,0,0,0,0,0,0,0,0,0,0,0,0,0,0,0,0,0,0,0,0,0,0,0,0,0,0,0,0,0,0,0,0,0,0,0,0,0,0,0,0,0,0,0,0,0,0,0,0,,,,,,,,,,,,,,,,,,,,,,,,,,,,,,,,,,,,,,,,,,,,,,,,,,,
I,0,0,0,0,0,0,0,0,0,0,0,0,0,0,0,0,0,0,0,0,0,0,0,0,0,0,0,0,0,0,0,0,0,0,0,0,0,0,0,0,0,0,0,0,0,0,0,0,0,0,,0,0,0,0,0,0,0,0,0,0,0,0,0,0,0,0,0,0,0,0,0,0,0,0,0,0,0,0,0,0,0,0,0,0,0,0,0,0,0,0,0,0,0,0,0,0,0,0,0,0,,,,,,,,,,,,,,,,,,,,,,,,,,,,,,,,,,,,,,,,,,,,,,,,,,,
J,0,0,0,0,0,0,0,0,0,0,0,0,0,0,0,0,0,0,0,0,0,0,0,0,0,0,0,0,0,0,0,0,0,0,0,0,0,0,0,0,0,0,0,0,0,0,0,0,0,0,,0,0,0,0,0,0,0,0,0,0,0,0,0,0,0,0,0,0,0,0,0,0,0,0,0,0,0,0,0,0,0,0,0,0,0,0,0,0,0,0,0,0,0,0,0,0,0,0,0,0,,,,,,,,,,,,,,,,,,,,,,,,,,,,,,,,,,,,,,,,,,,,,,,,,,,
K,0,0,0,0,0,0,0,0,0,0,0,0,0,0,0,0,0,0,0,0,0,0,0,0,0,0,0,0,0,0,0,0,0,0,0,0,0,0,0,0,0,0,0,0,0,0,0,0,0,0,,0,0,0,0,0,0,0,0,0,0,0,0,0,0,0,0,0,0,0,0,0,0,0,0,0,0,0,0,0,0,0,0,0,0,0,0,0,0,0,0,0,0,0,0,0,0,0,0,0,0,,,,,,,,,,,,,,,,,,,,,,,,,,,,,,,,,,,,,,,,,,,,,,,,,,,
L,0,0,0,0,0,0,0,0,0,0,0,0,0,0,0,0,0,0,0,0,0,0,0,0,0,0,0,0,0,0,0,0,0,0,0,0,0,0,0,0,0,0,0,0,0,0,0,0,0,0,,0,0,0,0,0,0,0,0,0,0,0,0,0,0,0,0,0,0,0,0,0,0,0,0,0,0,0,0,0,0,0,0,0,0,0,0,0,0,0,0,0,0,0,0,0,0,0,0,0,0,,,,,,,,,,,,,,,,,,,,,,,,,,,,,,,,,,,,,,,,,,,,,,,,,,,
M,0,0,0,0,0,0,0,0,0,0,0,0,0,0,0,0,0,0,0,0,0,0,0,0,0,0,0,0,0,0,0,0,0,0,0,0,0,0,0,0,0,0,0,0,0,0,0,0,0,0,,0,0,0,0,0,0,0,0,0,0,0,0,0,0,0,0,0,0,0,0,0,0,0,0,0,0,0,0,0,0,0,0,0,0,0,0,0,0,0,0,0,0,0,0,0,0,0,0,0,0,,,,,,,,,,,,,,,,,,,,,,,,,,,,,,,,,,,,,,,,,,,,,,,,,,,
N,0,0,0,0,0,0,0,0,0,0,0,0,0,0,0,0,0,0,0,0,0,0,0,0,0,0,0,0,0,0,0,0,0,0,0,0,0,0,0,0,0,0,0,0,0,0,0,0,0,0,,0,0,0,0,0,0,0,0,0,0,0,0,0,0,0,0,0,0,0,0,0,0,0,0,0,0,0,0,0,0,0,0,0,0,0,0,0,0,0,0,0,0,0,0,0,0,0,0,0,0,,,,,,,,,,,,,,,,,,,,,,,,,,,,,,,,,,,,,,,,,,,,,,,,,,,
O,0,0,0,0,0,0,0,0,0,0,0,0,0,0,0,0,0,0,0,0,0,0,0,0,0,0,0,0,0,0,0,0,0,0,0,0,0,0,0,0,0,0,0,0,0,0,0,0,0,0,,0,0,0,0,0,0,0,0,0,0,0,0,0,0,0,0,0,0,0,0,0,0,0,0,0,0,0,0,0,0,0,0,0,0,0,0,0,0,0,0,0,0,0,0,0,0,0,0,0,0,,,,,,,,,,,,,,,,,,,,,,,,,,,,,,,,,,,,,,,,,,,,,,,,,,,
P,0,0,0,0,0,0,0,0,0,0,0,0,0,0,0,0,0,0,0,0,0,0,0,0,0,0,0,0,0,0,0,0,0,0,0,0,0,0,0,0,0,0,0,0,0,0,0,0,0,0,,0,0,0,0,0,0,0,0,0,0,0,0,0,0,0,0,0,0,0,0,0,0,0,0,0,0,0,0,0,0,0,0,0,0,0,0,0,0,0,0,0,0,0,0,0,0,0,0,0,0,,,,,,,,,,,,,,,,,,,,,,,,,,,,,,,,,,,,,,,,,,,,,,,,,,,
Q,0,0,0,0,0,0,0,0,0,0,0,0,0,0,0,0,0,0,0,0,0,0,0,0,0,0,0,0,0,0,0,0,0,0,0,0,0,0,0,0,0,0,0,0,0,0,0,0,0,0,,0,0,0,0,0,0,0,0,0,0,0,0,0,0,0,0,0,0,0,0,0,0,0,0,0,0,0,0,0,0,0,0,0,0,0,0,0,0,0,0,0,0,0,0,0,0,0,0,0,0,,,,,,,,,,,,,,,,,,,,,,,,,,,,,,,,,,,,,,,,,,,,,,,,,,,
R,0,0,0,0,0,0,0,0,0,0,0,0,0,0,0,0,0,0,0,0,0,0,0,0,0,0,0,0,0,0,0,0,0,0,0,0,0,0,0,0,0,0,0,0,0,0,0,0,0,0,,0,0,0,0,0,0,0,0,0,0,0,0,0,0,0,0,0,0,0,0,0,0,0,0,0,0,0,0,0,0,0,0,0,0,0,0,0,0,0,0,0,0,0,0,0,0,0,0,0,0,,,,,,,,,,,,,,,,,,,,,,,,,,,,,,,,,,,,,,,,,,,,,,,,,,,
S,0,0,0,0,0,0,0,0,0,0,0,0,0,0,0,0,0,0,0,0,0,0,0,0,0,0,0,0,0,0,0,0,0,0,0,0,0,0,0,0,0,0,0,0,0,0,0,0,0,0,,0,0,0,0,0,0,0,0,0,0,0,0,0,0,0,0,0,0,0,0,0,0,0,0,0,0,0,0,0,0,0,0,0,0,0,0,0,0,0,0,0,0,0,0,0,0,0,0,0,0,,,,,,,,,,,,,,,,,,,,,,,,,,,,,,,,,,,,,,,,,,,,,,,,,,,
T,0,0,0,0,0,0,0,0,0,0,0,0,0,0,0,0,0,0,0,0,0,0,0,0,0,0,0,0,0,0,0,0,0,0,0,0,0,0,0,0,0,0,0,0,0,0,0,0,0,0,,0,0,0,0,0,0,0,0,0,0,0,0,0,0,0,0,0,0,0,0,0,0,0,0,0,0,0,0,0,0,0,0,0,0,0,0,0,0,0,0,0,0,0,0,0,0,0,0,0,0,,,,,,,,,,,,,,,,,,,,,,,,,,,,,,,,,,,,,,,,,,,,,,,,,,,
U,0,0,0,0,0,0,0,0,0,0,0,0,0,0,0,0,0,0,0,0,0,0,0,0,0,0,0,0,0,0,0,0,0,0,0,0,0,0,0,0,0,0,0,0,0,0,0,0,0,0,,0,0,0,0,0,0,0,0,0,0,0,0,0,0,0,0,0,0,0,0,0,0,0,0,0,0,0,0,0,0,0,0,0,0,0,0,0,0,0,0,0,0,0,0,0,0,0,0,0,0,,,,,,,,,,,,,,,,,,,,,,,,,,,,,,,,,,,,,,,,,,,,,,,,,,,
V,0,0,0,0,0,0,0,0,0,0,0,0,0,0,0,0,0,0,0,0,0,0,0,0,0,0,0,0,0,0,0,0,0,0,0,0,0,0,0,0,0,0,0,0,0,0,0,0,0,0,,0,0,0,0,0,0,0,0,0,0,0,0,0,0,0,0,0,0,0,0,0,0,0,0,0,0,0,0,0,0,0,0,0,0,0,0,0,0,0,0,0,0,0,0,0,0,0,0,0,0,,,,,,,,,,,,,,,,,,,,,,,,,,,,,,,,,,,,,,,,,,,,,,,,,,,
W,0,0,0,0,0,0,0,0,0,0,0,0,0,0,0,0,0,0,0,0,0,0,0,0,0,0,0,0,0,0,0,0,0,0,0,0,0,0,0,0,0,0,0,0,0,0,0,0,0,0,,0,0,0,0,0,0,0,0,0,0,0,0,0,0,0,0,0,0,0,0,0,0,0,0,0,0,0,0,0,0,0,0,0,0,0,0,0,0,0,0,0,0,0,0,0,0,0,0,0,0,,,,,,,,,,,,,,,,,,,,,,,,,,,,,,,,,,,,,,,,,,,,,,,,,,,
X,0,0,0,0,0,0,0,0,0,0,0,0,0,0,0,0,0,0,0,0,0,0,0,0,0,0,0,0,0,0,0,0,0,0,0,0,0,0,0,0,0,0,0,0,0,0,0,0,0,0,,0,0,0,0,0,0,0,0,0,0,0,0,0,0,0,0,0,0,0,0,0,0,0,0,0,0,0,0,0,0,0,0,0,0,0,0,0,0,0,0,0,0,0,0,0,0,0,0,0,0,,,,,,,,,,,,,,,,,,,,,,,,,,,,,,,,,,,,,,,,,,,,,,,,,,,
Y,0,0,0,0,0,0,0,0,0,0,0,0,0,0,0,0,0,0,0,0,0,0,0,0,0,0,0,0,0,0,0,0,0,0,0,0,0,0,0,0,0,0,0,0,0,0,0,0,0,0,,0,0,0,0,0,0,0,0,0,0,0,0,0,0,0,0,0,0,0,0,0,0,0,0,0,0,0,0,0,0,0,0,0,0,0,0,0,0,0,0,0,0,0,0,0,0,0,0,0,0,,,,,,,,,,,,,,,,,,,,,,,,,,,,,,,,,,,,,,,,,,,,,,,,,,,
Z,0,0,0,0,0,0,0,0,0,0,0,0,0,0,0,0,0,0,0,0,0,0,0,0,0,0,0,0,0,0,0,0,0,0,0,0,0,0,0,0,0,0,0,0,0,0,0,0,0,0,,0,0,0,0,0,0,0,0,0,0,0,0,0,0,0,0,0,0,0,0,0,0,0,0,0,0,0,0,0,0,0,0,0,0,0,0,0,0,0,0,0,0,0,0,0,0,0,0,0,0,,,,,,,,,,,,,,,,,,,,,,,,,,,,,,,,,,,,,,,,,,,,,,,,,,,
CATEGORY,,,,,,,,,,,,,,,,,,,,,,,,,,,,,,,,,,,,,,,,,,,,,,,,,,,,,,,,,,,,,,,,,,,,,,,,,,,,,,,,,,,,,,,,,,,,,,,,,,,,,,,,,,,,,,,,,,,,,,,,,,,,,,,,,,,,,,,,,,,,,,,,,,,,,,,,
Residential,5810,5770,5919,5830,5842,5916,5941,5809,5796,5782,5780,5796,5794,5857,5851,5802,5921,5857,5943,5864,5878,5836,5917,5839,5835,5880,5898,5800,5821,5785,5717,5769,5800,5870,5827,5764,5876,5858,5797,5893,5887,5823,5876,5734,5877,5788,5880,5877,5754,5784,,0.88,0.86,0.9,0.87,0.89,0.9,0.89,0.87,0.88,0.87,0.88,0.87,0.86,0.89,0.89,0.87,0.89,0.87,0.89,0.89,0.89,0.87,0.9,0.88,0.88,0.89,0.88,0.88,0.86,0.88,0.87,0.86,0.87,0.89,0.88,0.88,0.88,0.87,0.88,0.89,0.88,0.87,0.88,0.86,0.89,0.87,0.88,0.89,0.87,0.87,,-0.28,-2.01,1.75,-1.31,0.91,2.41,0.95,-0.42,0.22,-0.53,0.12,-1.19,-1.48,0.86,0.58,-0.9,0.76,-0.46,1.02,1.2,0.58,-0.43,1.76,0.18,-0.28,0.74,-0.18,0.02,-1.44,0.07,-0.51,-1.52,-0.55,1.3,0.12,-0.12,-0.05,-0.57,-0.01,1.19,0.33,-0.64,-0.19,-1.98,1.39,-0.72,0.2,1.18,-1.05,-1.02
Hotels & Apts,351,357,340,335,321,326,339,327,349,347,355,337,327,338,295,329,336,312,341,298,321,313,331,330,295,341,312,339,321,313,338,345,325,349,331,348,345,377,382,327,336,350,328,352,326,321,334,346,330,305,,0.05,0.05,0.05,0.05,0.05,0.05,0.05,0.05,0.05,0.05,0.05,0.05,0.05,0.05,0.04,0.05,0.05,0.05,0.05,0.05,0.05,0.05,0.05,0.05,0.04,0.05,0.05,0.05,0.05,0.05,0.05,0.05,0.05,0.05,0.05,0.05,0.05,0.06,0.06,0.05,0.05,0.05,0.05,0.05,0.05,0.05,0.05,0.05,0.05,0.05,,1.12,1.3,0.29,0.08,-0.89,-0.22,0.14,-0.18,1.03,0.47,1.28,0.1,-0.32,0.41,-2.12,-0.27,0.08,-1.13,0.39,-1.92,-0.62,-1.01,-0.36,-0.37,-2.06,0.56,-1.2,0.23,-0.7,-1.33,0.45,0.47,-0.29,1.03,-0.41,0.89,0.54,2.46,2.87,-0.34,0.12,0.85,-0.23,1,-0.36,-0.62,0.16,0.46,-0.37,-1.51
Store w/ Dwelling,107,99,108,97,114,118,99,113,128,106,92,121,102,111,125,108,117,106,102,103,102,104,127,95,103,109,111,102,119,120,143,112,117,101,109,119,109,120,126,113,112,106,96,113,116,121,104,112,118,103,,0.02,0.01,0.02,0.01,0.02,0.02,0.01,0.02,0.02,0.02,0.01,0.02,0.02,0.02,0.02,0.02,0.02,0.02,0.02,0.02,0.02,0.02,0.02,0.01,0.02,0.02,0.02,0.02,0.02,0.02,0.02,0.02,0.02,0.02,0.02,0.02,0.02,0.02,0.02,0.02,0.02,0.02,0.01,0.02,0.02,0.02,0.02,0.02,0.02,0.02,,-0.47,-1.23,-0.17,-1.37,0.26,0.8,-1.15,0.19,1.73,-0.61,-1.8,0.84,-0.77,0.19,1.33,-0.28,0.73,-0.44,-0.76,-0.85,-0.98,-0.6,1.67,-1.61,-0.83,-0.27,-0.04,-0.77,0.82,0.86,3.3,0.14,0.58,-0.96,-0.31,0.9,-0.33,1.03,1.7,0.15,0.12,-0.37,-1.44,0.35,0.44,0.89,-0.6,0.17,0.66,-0.83
Commercial,89,75,58,78,88,84,76,93,95,89,72,62,89,86,74,98,69,102,87,83,69,77,87,80,86,79,91,74,84,88,82,70,83,85,75,82,80,74,70,70,73,84,70,83,73,92,79,75,92,87,,0.01,0.01,0.01,0.01,0.01,0.01,0.01,0.01,0.01,0.01,0.01,0.01,0.01,0.01,0.01,0.01,0.01,0.02,0.01,0.01,0.01,0.01,0.01,0.01,0.01,0.01,0.01,0.01,0.01,0.01,0.01,0.01,0.01,0.01,0.01,0.01,0.01,0.01,0.01,0.01,0.01,0.01,0.01,0.01,0.01,0.01,0.01,0.01,0.01,0.01,,0.92,-0.64,-2.46,-0.28,0.84,0.23,-0.6,1.36,1.62,0.88,-0.99,-2.05,0.78,0.66,-0.81,1.97,-1.22,2.13,0.71,0.19,-1.27,-0.35,0.68,-0.1,0.53,-0.17,1.09,-0.72,0.38,0.84,0.02,-1.25,0.27,0.52,-0.64,0.09,-0.09,-0.83,-1.09,-1.24,-0.77,0.42,-1.29,0.27,-0.89,1.23,-0.13,-0.62,1.2,0.64
Industrial,31,34,33,38,32,32,37,42,37,37,34,35,32,27,44,30,38,46,34,34,33,36,34,34,29,31,44,25,33,31,24,29,30,35,41,34,34,23,31,36,30,25,33,29,38,26,45,28,33,39,,0,0.01,0,0.01,0,0,0.01,0.01,0.01,0.01,0.01,0.01,0,0,0.01,0,0.01,0.01,0.01,0.01,0.01,0.01,0.01,0.01,0,0,0.01,0,0,0,0,0,0,0.01,0.01,0.01,0.01,0,0,0.01,0,0,0,0,0.01,0,0.01,0,0,0.01,,-0.47,0.15,-0.16,0.75,-0.26,-0.27,0.61,1.54,0.58,0.6,0.14,0.26,-0.33,-1.21,1.97,-0.69,0.84,2.22,0.12,-0.02,-0.05,0.55,0.03,0.07,-0.81,-0.47,2.05,-1.65,-0.18,-0.45,-1.78,-0.89,-0.71,0.2,1.34,0.14,0.07,-2.01,-0.45,0.46,-0.69,-1.61,-0.19,-0.83,0.72,-1.38,2.27,-1.09,-0.11,1.09
Vacant Land,242,227,240,210,221,235,231,232,274,261,232,233,251,220,187,225,206,223,229,233,237,222,212,220,226,247,216,227,216,220,238,218,237,254,226,258,238,221,221,238,232,232,237,237,229,236,232,198,248,237,,0.04,0.03,0.04,0.03,0.03,0.04,0.03,0.03,0.04,0.04,0.04,0.04,0.04,0.03,0.03,0.03,0.03,0.03,0.03,0.04,0.04,0.03,0.03,0.03,0.03,0.04,0.03,0.03,0.03,0.03,0.04,0.03,0.04,0.04,0.03,0.04,0.04,0.03,0.03,0.04,0.04,0.04,0.04,0.04,0.03,0.04,0.04,0.03,0.04,0.04,,0.51,-0.16,0.54,-1.29,-0.49,0.31,0.02,0.05,2.87,1.94,0.15,0.22,1.44,-0.85,-2.92,-0.29,-1.47,-0.49,-0.15,0.16,0.25,-0.39,-1.31,-0.53,-0.16,0.83,-0.87,-0.3,-0.9,-0.55,0.5,-0.82,0.37,1.58,-0.31,1.83,0.54,-0.51,-0.78,0.34,0.16,0.21,0.41,0.36,-0.1,0.19,0.26,-2.21,1.29,0.55
ZONING,,,,,,,,,,,,,,,,,,,,,,,,,,,,,,,,,,,,,,,,,,,,,,,,,,,,,,,,,,,,,,,,,,,,,,,,,,,,,,,,,,,,,,,,,,,,,,,,,,,,,,,,,,,,,,,,,,,,,,,,,,,,,,,,,,,,,,,,,,,,,,,,,,,,,,,,
,1,0,1,0,1,1,1,0,2,1,0,0,0,0,0,3,1,1,1,2,2,0,0,4,1,0,2,1,1,1,0,2,1,1,0,0,4,1,1,1,1,2,1,0,1,1,0,0,0,1,,0,0,0,0,0,0,0,0,0,0,0,0,0,0,0,0,0,0,0,0,0,0,0,0,0,0,0,0,0,0,0,0,0,0,0,0,0,0,0,0,0,0,0,0,0,0,0,0,0,0,,0.08,-0.95,0.08,-0.95,0.07,0.07,0.09,-0.95,1.14,0.09,-0.95,-0.95,-0.95,-0.95,-0.95,2.13,0.09,0.09,0.09,1.13,1.12,-0.95,-0.95,3.14,0.07,-0.95,1.14,0.09,0.09,0.09,-0.95,1.12,0.08,0.07,-0.95,-0.95,3.23,0.09,0.09,0.09,0.08,1.12,0.08,-0.95,0.07,0.07,-0.95,-0.95,-0.95,0.09
CA1,10,11,7,11,6,7,5,15,9,19,2,5,15,10,9,11,8,13,6,13,10,11,9,6,10,11,9,9,11,4,5,6,7,11,7,11,6,9,8,10,12,11,6,8,9,11,5,7,4,7,,0,0,0,0,0,0,0,0,0,0,0,0,0,0,0,0,0,0,0,0,0,0,0,0,0,0,0,0,0,0,0,0,0,0,0,0,0,0,0,0,0,0,0,0,0,0,0,0,0,0,,0.4,0.66,-0.56,0.64,-0.89,-0.59,-1.2,1.92,0.09,3.16,-2.15,-1.22,1.98,0.33,0.06,0.66,-0.24,1.29,-0.87,1.28,0.4,0.66,0.07,-0.92,0.37,0.66,0.07,0.04,0.73,-1.53,-1.19,-0.91,-0.56,0.64,-0.57,0.66,-0.88,0.04,-0.23,0.34,1.04,0.66,-0.88,-0.3,0.06,0.66,-1.2,-0.59,-1.51,-0.6
CA2,4,3,7,4,5,6,9,8,4,3,4,3,9,6,3,6,2,8,5,2,3,2,6,1,4,3,2,5,4,6,6,4,4,5,3,5,5,4,3,2,4,4,2,3,4,4,4,3,4,9,,0,0,0,0,0,0,0,0,0,0,0,0,0,0,0,0,0,0,0,0,0,0,0,0,0,0,0,0,0,0,0,0,0,0,0,0,0,0,0,0,0,0,0,0,0,0,0,0,0,0,,-0.22,-0.73,1.32,-0.19,0.32,0.88,2.43,1.88,-0.18,-0.72,-0.22,-0.73,2.35,0.85,-0.72,0.88,-1.23,1.88,0.34,-1.24,-0.73,-1.24,0.81,-1.76,-0.2,-0.7,-1.23,0.32,-0.18,0.84,0.81,-0.21,-0.22,0.33,-0.72,0.35,0.34,-0.2,-0.71,-1.24,-0.22,-0.21,-1.25,-0.71,-0.2,-0.18,-0.18,-0.72,-0.18,2.4
CMX1,33,44,37,32,42,36,39,35,45,42,26,35,34,43,42,34,31,40,42,36,35,47,44,31,35,30,40,38,40,38,38,42,27,34,33,38,36,40,45,28,39,39,40,35,45,28,38,26,42,55,,0.01,0.01,0.01,0,0.01,0.01,0.01,0.01,0.01,0.01,0,0.01,0.01,0.01,0.01,0.01,0,0.01,0.01,0.01,0.01,0.01,0.01,0,0.01,0,0.01,0.01,0.01,0.01,0.01,0.01,0,0.01,0.01,0.01,0.01,0.01,0.01,0,0.01,0.01,0.01,0.01,0.01,0,0.01,0,0.01,0.01,,-0.74,1.13,-0.05,-0.99,0.87,-0.22,0.25,-0.38,1.22,0.67,-1.96,-0.43,-0.57,0.9,0.87,-0.57,-1.13,0.49,0.71,-0.35,-0.39,1.65,1.16,-1.16,-0.35,-1.26,0.43,0.14,0.37,-0.01,0.13,0.78,-1.79,-0.65,-0.7,0.12,-0.26,0.49,1.22,-1.71,0.3,0.26,0.47,-0.47,1.4,-1.61,0.08,-1.95,0.71,2.88
CMX2,239,204,222,204,243,230,213,234,243,201,227,214,223,190,212,214,195,207,229,218,200,204,232,217,223,201,224,194,218,235,233,206,228,214,223,213,238,219,210,215,222,199,209,220,191,231,224,200,238,214,,0.04,0.03,0.03,0.03,0.04,0.04,0.03,0.04,0.04,0.03,0.03,0.03,0.03,0.03,0.03,0.03,0.03,0.03,0.03,0.03,0.03,0.03,0.04,0.03,0.03,0.03,0.03,0.03,0.03,0.04,0.04,0.03,0.03,0.03,0.03,0.03,0.04,0.03,0.03,0.03,0.03,0.03,0.03,0.03,0.03,0.04,0.03,0.03,0.04,0.03,,1.51,-1.08,0.42,-0.96,1.68,1.03,-0.22,1.31,1.81,-1.16,0.66,-0.38,0.49,-1.94,-0.48,-0.11,-1.5,-0.6,0.83,0.04,-1.23,-1.08,1.12,-0.05,0.29,-1.03,0.55,-1.52,0.05,1.23,1.09,-0.94,0.84,-0.26,0.29,-0.18,1.54,0.25,-0.51,-0.17,0.31,-1.43,-0.5,0.16,-1.95,1.1,0.55,-1.1,1.46,-0.24
CMX3,39,39,35,40,41,47,33,30,46,38,41,41,43,40,32,32,41,42,37,44,37,38,41,24,33,49,50,36,27,35,50,38,38,33,36,41,37,34,42,41,33,53,48,44,37,39,36,46,49,34,,0.01,0.01,0.01,0.01,0.01,0.01,0.01,0,0.01,0.01,0.01,0.01,0.01,0.01,0,0,0.01,0.01,0.01,0.01,0.01,0.01,0.01,0,0.01,0.01,0.01,0.01,0,0.01,0.01,0.01,0.01,0.01,0.01,0.01,0.01,0.01,0.01,0.01,0,0.01,0.01,0.01,0.01,0.01,0.01,0.01,0.01,0.01,,-0.12,-0.08,-0.75,0.19,0.34,1.38,-1,-1.52,1.14,-0.21,0.21,0.25,0.56,0.19,-1.16,-1.12,0.33,0.45,-0.35,0.77,-0.44,-0.24,0.23,-2.47,-0.99,1.72,1.82,-0.53,-2,-0.71,1.67,-0.24,-0.26,-0.97,-0.49,0.38,-0.33,-0.86,0.48,0.28,-1.09,2.21,1.38,0.86,-0.33,0.05,-0.5,1.11,1.64,-0.87
CMX4,38,30,37,44,22,42,28,37,36,26,27,35,37,36,31,29,43,27,36,29,46,44,22,27,37,32,42,28,34,43,36,30,28,41,35,33,33,41,44,28,40,36,27,37,43,43,37,41,31,30,,0.01,0,0.01,0.01,0,0.01,0,0.01,0.01,0,0,0.01,0.01,0.01,0,0,0.01,0,0.01,0,0.01,0.01,0,0,0.01,0,0.01,0,0.01,0.01,0.01,0,0,0.01,0.01,0.01,0,0.01,0.01,0,0.01,0.01,0,0.01,0.01,0.01,0.01,0.01,0,0,,0.43,-0.75,0.32,1.51,-2.05,1.24,-1.11,0.42,0.15,-1.36,-1.29,0.05,0.32,0.24,-0.63,-0.85,1.25,-1.19,0.15,-0.88,1.68,1.47,-2.05,-1.2,0.32,-0.37,1.09,-1.03,-0.16,1.35,0.12,-0.75,-1.1,1.03,0,-0.21,-0.32,1.06,1.41,-1.04,0.74,0.2,-1.26,0.4,1.26,1.4,0.3,1.06,-0.63,-0.72
CMX5,35,29,22,31,32,24,28,24,40,27,20,26,31,34,30,36,21,25,28,32,28,23,38,36,28,25,37,40,31,33,18,26,32,32,21,31,27,25,32,32,35,25,37,25,33,41,29,29,26,26,,0.01,0,0,0,0,0,0,0,0.01,0,0,0,0,0.01,0,0.01,0,0,0,0,0,0,0.01,0.01,0,0,0.01,0.01,0,0,0,0,0,0,0,0,0,0,0,0,0.01,0,0.01,0,0,0.01,0,0,0,0,,1.01,-0.1,-1.32,0.3,0.45,-0.97,-0.28,-1.04,1.86,-0.51,-1.72,-0.64,0.33,0.85,0.09,1.22,-1.55,-0.86,-0.3,0.39,-0.26,-1.18,1.61,1.22,-0.28,-0.79,1.35,1.83,0.24,0.57,-2.08,-0.64,0.51,0.49,-1.54,0.31,-0.46,-0.86,0.42,0.39,1.01,-0.82,1.43,-0.79,0.63,2.13,-0.1,-0.14,-0.66,-0.69
I1,11,9,7,7,9,11,6,5,7,8,5,8,8,9,5,4,8,7,12,1,10,9,8,8,4,4,8,2,4,5,5,5,5,6,10,4,2,3,5,4,12,5,8,3,8,6,5,7,7,3,,0,0,0,0,0,0,0,0,0,0,0,0,0,0,0,0,0,0,0,0,0,0,0,0,0,0,0,0,0,0,0,0,0,0,0,0,0,0,0,0,0,0,0,0,0,0,0,0,0,0,,1.7,1.01,0.23,0.21,1,1.69,-0.2,-0.54,0.21,0.61,-0.56,0.63,0.61,0.97,-0.53,-0.94,0.54,0.23,2.11,-2.06,1.32,1.01,0.61,0.59,-0.91,-0.94,0.54,-1.68,-0.93,-0.54,-0.56,-0.52,-0.54,-0.17,1.38,-0.94,-1.7,-1.3,-0.55,-0.92,2.08,-0.52,0.61,-1.31,0.62,-0.19,-0.58,0.23,0.21,-1.3
I2,60,64,63,61,64,48,46,53,64,59,47,62,45,50,50,57,58,72,64,50,54,47,50,54,53,52,56,50,50,58,49,47,59,67,63,56,59,56,59,56,55,51,56,48,55,48,55,45,47,59,,0.01,0.01,0.01,0.01,0.01,0.01,0.01,0.01,0.01,0.01,0.01,0.01,0.01,0.01,0.01,0.01,0.01,0.01,0.01,0.01,0.01,0.01,0.01,0.01,0.01,0.01,0.01,0.01,0.01,0.01,0.01,0.01,0.01,0.01,0.01,0.01,0.01,0.01,0.01,0.01,0.01,0.01,0.01,0.01,0.01,0.01,0.01,0.01,0.01,0.01,,0.75,1.32,1.32,0.97,1.48,-1.1,-1.42,-0.33,1.29,0.66,-1.27,1.01,-1.51,-0.75,-0.72,0.3,0.45,2.63,1.29,-0.74,-0.18,-1.31,-0.72,-0.12,-0.25,-0.47,0.14,-0.8,-0.87,0.51,-0.96,-1.31,0.69,1.91,1.32,0.15,0.61,0.14,0.52,0.19,-0.02,-0.69,0.22,-1.06,0.06,-1.1,-0.02,-1.57,-1.33,0.66
I3,2,4,4,3,1,2,2,4,7,2,2,2,5,1,2,2,2,0,3,6,2,2,3,3,1,2,11,4,5,1,1,1,0,7,2,2,2,3,1,2,5,2,1,4,3,3,2,2,4,4,,0,0,0,0,0,0,0,0,0,0,0,0,0,0,0,0,0,0,0,0,0,0,0,0,0,0,0,0,0,0,0,0,0,0,0,0,0,0,0,0,0,0,0,0,0,0,0,0,0,0,,-0.41,0.61,0.62,0.1,-0.92,-0.41,-0.42,0.57,2.1,-0.42,-0.41,-0.41,1.14,-0.92,-0.42,-0.41,-0.42,-1.43,0.08,1.58,-0.41,-0.41,0.11,0.1,-0.92,-0.41,4.14,0.57,1.09,-0.93,-0.92,-0.92,-1.43,2.14,-0.42,-0.41,-0.42,0.07,-0.93,-0.42,1.13,-0.41,-0.92,0.61,0.09,0.1,-0.42,-0.43,0.58,0.58
ICMX,14,12,11,9,8,8,14,15,19,20,21,9,13,11,15,14,6,15,13,12,16,17,18,15,13,14,10,22,11,12,16,18,10,18,14,14,22,9,12,13,20,15,15,22,23,10,23,14,12,12,,0,0,0,0,0,0,0,0,0,0,0,0,0,0,0,0,0,0,0,0,0,0,0,0,0,0,0,0,0,0,0,0,0,0,0,0,0,0,0,0,0,0,0,0,0,0,0,0,0,0,,-0.07,-0.58,-0.76,-1.28,-1.48,-1.52,-0.07,0.1,1.1,1.3,1.6,-1.28,-0.28,-0.82,0.18,-0.11,-1.96,0.1,-0.32,-0.58,0.41,0.59,0.91,0.12,-0.29,-0.11,-1.02,1.72,-0.79,-0.58,0.41,0.83,-1,0.82,-0.05,-0.11,1.83,-1.3,-0.56,-0.34,1.36,0.12,0.19,1.75,2.09,-1.05,2.07,-0.13,-0.56,-0.58
IP,0,0,0,1,0,0,0,0,0,0,0,0,0,0,0,0,0,0,0,0,0,0,0,0,0,0,0,0,0,0,0,0,0,0,0,0,0,0,0,0,0,0,0,0,0,0,0,0,0,0,,0,0,0,0,0,0,0,0,0,0,0,0,0,0,0,0,0,0,0,0,0,0,0,0,0,0,0,0,0,0,0,0,0,0,0,0,0,0,0,0,0,0,0,0,0,0,0,0,0,0,,-0.14,-0.14,-0.14,6.93,-0.14,-0.14,-0.14,-0.14,-0.14,-0.14,-0.14,-0.14,-0.14,-0.14,-0.14,-0.14,-0.14,-0.14,-0.14,-0.14,-0.14,-0.14,-0.14,-0.14,-0.14,-0.14,-0.14,-0.14,-0.14,-0.14,-0.14,-0.14,-0.14,-0.14,-0.14,-0.14,-0.14,-0.14,-0.14,-0.14,-0.14,-0.14,-0.14,-0.14,-0.14,-0.14,-0.14,-0.14,-0.14,-0.14
IRMX,0,0,0,0,0,0,0,0,0,0,1,0,1,0,0,1,0,1,1,0,1,0,0,0,1,2,0,1,0,0,3,0,0,0,0,1,0,2,1,1,0,0,0,1,0,0,0,0,2,0,,0,0,0,0,0,0,0,0,0,0,0,0,0,0,0,0,0,0,0,0,0,0,0,0,0,0,0,0,0,0,0,0,0,0,0,0,0,0,0,0,0,0,0,0,0,0,0,0,0,0,,-0.6,-0.6,-0.6,-0.6,-0.6,-0.6,-0.6,-0.6,-0.6,-0.6,0.82,-0.6,0.81,-0.6,-0.6,0.83,-0.6,0.81,0.84,-0.6,0.82,-0.6,-0.6,-0.6,0.83,2.25,-0.6,0.81,-0.6,-0.6,3.67,-0.6,-0.6,-0.6,-0.6,0.83,-0.6,2.23,0.84,0.83,-0.6,-0.6,-0.6,0.8,-0.6,-0.6,-0.6,-0.6,2.28,-0.6
RM1,1708,1646,1728,1745,1655,1721,1682,1730,1683,1759,1669,1731,1723,1697,1701,1719,1710,1687,1733,1631,1711,1699,1671,1746,1682,1699,1694,1709,1684,1675,1625,1676,1713,1708,1621,1706,1669,1740,1673,1708,1665,1694,1703,1727,1672,1665,1734,1680,1685,1714,,0.26,0.25,0.26,0.26,0.25,0.26,0.26,0.26,0.25,0.27,0.25,0.26,0.26,0.26,0.26,0.26,0.26,0.25,0.26,0.25,0.26,0.26,0.25,0.26,0.25,0.25,0.26,0.26,0.25,0.26,0.25,0.26,0.26,0.26,0.24,0.26,0.25,0.26,0.25,0.26,0.25,0.26,0.26,0.26,0.25,0.25,0.26,0.25,0.25,0.26,,0.62,-1.17,0.97,1.46,-1.38,0.21,-0.19,0.93,-0.83,2.38,-0.61,1.51,0.82,-0.04,0.06,0.14,0.7,-0.41,0.72,-1.66,0.71,0.5,-0.81,1.49,-0.54,-0.47,0.19,0.27,-0.8,-0.27,-1.99,-0.22,0.5,0.3,-2.44,-0.26,-0.59,1.24,-1.14,0.77,-0.74,0.35,0.19,0.89,-0.85,-1.53,1.45,-0.63,-0.77,0.96
RM2,71,53,66,49,77,55,76,72,40,55,60,52,56,80,74,65,66,51,55,63,73,57,58,66,71,52,67,52,60,74,48,73,44,66,56,66,59,66,80,72,64,56,66,57,56,59,80,67,66,68,,0.01,0.01,0.01,0.01,0.01,0.01,0.01,0.01,0.01,0.01,0.01,0.01,0.01,0.01,0.01,0.01,0.01,0.01,0.01,0.01,0.01,0.01,0.01,0.01,0.01,0.01,0.01,0.01,0.01,0.01,0.01,0.01,0.01,0.01,0.01,0.01,0.01,0.01,0.01,0.01,0.01,0.01,0.01,0.01,0.01,0.01,0.01,0.01,0.01,0.01,,0.9,-1.02,0.36,-1.44,1.39,-0.84,1.31,1.04,-2.34,-0.73,-0.25,-1.12,-0.68,1.78,1.08,0.19,0.28,-1.17,-0.77,0.11,1.11,-0.6,-0.47,0.33,0.77,-1.15,0.38,-1.07,-0.24,1.27,-1.51,1.07,-1.94,0.33,-0.77,0.3,-0.44,0.4,1.85,1.06,0.17,-0.7,0.36,-0.61,-0.77,-0.43,1.72,0.51,0.38,0.64
RM3,26,23,9,12,18,9,12,18,16,14,10,13,16,13,16,15,20,19,11,19,18,23,15,18,13,28,19,17,13,15,15,16,14,15,18,18,21,11,16,18,15,14,19,7,19,20,22,22,18,9,,0,0,0,0,0,0,0,0,0,0,0,0,0,0,0,0,0,0,0,0,0,0,0,0,0,0,0,0,0,0,0,0,0,0,0,0,0,0,0,0,0,0,0,0,0,0,0,0,0,0,,2.16,1.58,-1.68,-0.96,0.33,-1.66,-0.99,0.42,-0.09,-0.48,-1.45,-0.72,-0.09,-0.73,-0.12,-0.29,0.82,0.65,-1.22,0.67,0.35,1.58,-0.32,0.42,-0.79,2.68,0.59,0.19,-0.77,-0.25,-0.32,-0.03,-0.55,-0.27,0.33,0.4,1.04,-1.19,-0.09,0.44,-0.32,-0.49,0.58,-2.11,0.56,0.85,1.27,1.34,0.36,-1.63
RM4,32,35,46,49,38,44,44,37,45,39,53,40,36,55,48,43,32,39,46,48,46,33,45,46,39,41,36,49,46,35,53,42,47,44,44,45,37,58,38,51,41,50,41,53,40,26,34,43,52,41,,0,0.01,0.01,0.01,0.01,0.01,0.01,0.01,0.01,0.01,0.01,0.01,0.01,0.01,0.01,0.01,0,0.01,0.01,0.01,0.01,0,0.01,0.01,0.01,0.01,0.01,0.01,0.01,0.01,0.01,0.01,0.01,0.01,0.01,0.01,0.01,0.01,0.01,0.01,0.01,0.01,0.01,0.01,0.01,0,0.01,0.01,0.01,0.01,,-1.64,-1.23,0.43,0.84,-0.72,0.16,0.24,-0.85,0.32,-0.55,1.51,-0.49,-1.07,1.73,0.79,0.01,-1.59,-0.55,0.47,0.82,0.46,-1.53,0.28,0.39,-0.57,-0.29,-0.98,0.97,0.47,-1.15,1.51,-0.19,0.58,0.1,0.19,0.31,-0.83,2.33,-0.73,1.27,-0.29,1,-0.32,1.44,-0.42,-2.54,-1.28,0.06,1.37,-0.24
RMX1,3,3,1,5,2,3,5,1,4,2,2,0,7,4,1,0,3,5,6,2,3,1,1,3,2,5,5,5,4,3,3,3,1,3,2,5,4,3,3,5,4,2,4,3,4,2,7,5,1,1,,0,0,0,0,0,0,0,0,0,0,0,0,0,0,0,0,0,0,0,0,0,0,0,0,0,0,0,0,0,0,0,0,0,0,0,0,0,0,0,0,0,0,0,0,0,0,0,0,0,0,,-0.1,-0.06,-1.24,1.11,-0.67,-0.05,1.12,-1.25,0.53,-0.67,-0.68,-1.83,2.27,0.53,-1.25,-1.83,-0.06,1.1,1.72,-0.67,-0.1,-1.24,-1.24,-0.06,-0.67,1.14,1.12,1.1,0.53,-0.09,-0.1,-0.06,-1.24,-0.06,-0.67,1.14,0.53,-0.07,-0.06,1.07,0.48,-0.65,0.52,-0.06,0.5,-0.64,2.29,1.1,-1.24,-1.25
RMX2,0,1,0,0,0,0,0,1,0,0,0,1,2,0,0,0,2,0,0,0,0,0,0,0,0,0,0,0,0,0,0,0,0,1,0,0,0,0,1,0,0,0,0,0,0,0,0,0,0,0,,0,0,0,0,0,0,0,0,0,0,0,0,0,0,0,0,0,0,0,0,0,0,0,0,0,0,0,0,0,0,0,0,0,0,0,0,0,0,0,0,0,0,0,0,0,0,0,0,0,0,,-0.37,1.7,-0.37,-0.37,-0.37,-0.37,-0.37,1.71,-0.37,-0.37,-0.37,1.7,3.73,-0.37,-0.37,-0.37,3.81,-0.37,-0.37,-0.37,-0.37,-0.37,-0.37,-0.37,-0.37,-0.37,-0.37,-0.37,-0.37,-0.37,-0.37,-0.37,-0.37,1.71,-0.37,-0.37,-0.37,-0.37,1.72,-0.37,-0.37,-0.37,-0.37,-0.37,-0.37,-0.37,-0.37,-0.37,-0.37,-0.37
RMX3,11,19,14,21,21,26,17,18,21,13,19,21,16,17,27,21,19,9,17,20,15,17,15,14,16,19,12,13,22,14,25,15,17,18,18,20,20,20,16,18,12,14,8,18,20,17,21,13,17,17,,0,0,0,0,0,0,0,0,0,0,0,0,0,0,0,0,0,0,0,0,0,0,0,0,0,0,0,0,0,0,0,0,0,0,0,0,0,0,0,0,0,0,0,0,0,0,0,0,0,0,,-1.61,0.35,-0.88,0.87,0.96,2.22,-0.04,0.18,0.91,-1.09,0.4,0.85,-0.37,-0.13,2.49,0.95,0.47,-2.1,-0.1,0.68,-0.61,-0.15,-0.62,-0.88,-0.31,0.44,-1.32,-1.09,1.16,-0.84,1.91,-0.65,-0.12,0.12,0.2,0.69,0.73,0.69,-0.35,0.17,-1.36,-0.9,-2.38,0.12,0.71,-0.07,0.98,-1.09,-0.1,-0.08
RSA1,18,22,17,26,12,14,15,15,21,17,13,20,16,18,21,20,19,12,16,19,13,22,26,21,18,18,21,15,22,22,22,14,27,18,21,13,17,16,19,21,13,17,17,16,20,16,17,15,6,18,,0,0,0,0,0,0,0,0,0,0,0,0,0,0,0,0,0,0,0,0,0,0,0,0,0,0,0,0,0,0,0,0,0,0,0,0,0,0,0,0,0,0,0,0,0,0,0,0,0,0,,0.07,0.98,-0.2,2.02,-1.45,-0.99,-0.67,-0.75,0.86,-0.24,-1.2,0.48,-0.46,0.01,0.84,0.52,0.36,-1.5,-0.42,0.26,-1.2,0.98,2.08,0.77,0.07,0.01,0.87,-0.75,1.11,1.01,1.09,-1.02,2.33,0.01,0.84,-1.24,-0.15,-0.5,0.35,0.76,-1.2,-0.27,-0.2,-0.49,0.58,-0.49,-0.15,-0.75,-2.98,0.01
RSA2,194,205,184,189,174,202,209,194,184,164,207,204,201,182,169,184,235,194,206,188,191,184,210,177,206,212,190,183,199,172,176,206,220,172,196,190,175,174,196,202,195,218,204,183,205,230,181,216,190,182,,0.03,0.03,0.03,0.03,0.03,0.03,0.03,0.03,0.03,0.02,0.03,0.03,0.03,0.03,0.03,0.03,0.04,0.03,0.03,0.03,0.03,0.03,0.03,0.03,0.03,0.03,0.03,0.03,0.03,0.03,0.03,0.03,0.03,0.03,0.03,0.03,0.03,0.03,0.03,0.03,0.03,0.03,0.03,0.03,0.03,0.03,0.03,0.03,0.03,0.03,,-0.13,0.73,-0.64,-0.19,-1.2,0.5,1.03,-0.02,-0.74,-1.95,0.68,0.67,0.43,-0.64,-1.52,-0.63,2.68,-0.02,0.63,-0.45,-0.32,-0.6,1,-0.96,0.84,1.13,-0.18,-0.72,0.2,-1.45,-1.26,0.79,1.63,-1.28,0.2,-0.26,-1.13,-1.28,0.01,0.43,-0.07,1.55,0.62,-0.58,0.77,2.27,-0.75,1.36,-0.37,-0.82
RSA3,863,872,944,873,940,885,903,862,848,885,892,885,868,894,865,883,894,857,886,931,877,936,901,924,884,911,827,892,910,882,943,896,860,976,906,927,933,847,892,942,942,910,940,882,949,861,902,905,866,919,,0.13,0.13,0.14,0.13,0.14,0.13,0.13,0.13,0.13,0.13,0.14,0.13,0.13,0.14,0.13,0.13,0.13,0.13,0.13,0.14,0.13,0.14,0.14,0.14,0.13,0.14,0.12,0.13,0.14,0.13,0.14,0.13,0.13,0.15,0.14,0.14,0.14,0.13,0.14,0.14,0.14,0.14,0.14,0.13,0.14,0.13,0.13,0.13,0.13,0.14,,-0.9,-0.95,1.7,-0.59,1.2,-0.16,-0.1,-1.45,-1.3,-0.36,-0.04,-0.57,-0.56,0.03,-1,-0.22,-0.36,-1.59,-0.18,0.98,-0.49,0.92,0.42,0.91,-0.44,0.61,-2.31,-0.58,0.53,-0.45,1.46,-0.25,-0.79,2.45,0.2,1.08,0.77,-1.88,0,1.31,1.43,0.16,1.58,-0.32,1.46,-0.87,-0.13,-0.21,-0.77,0.63
RSA4,203,204,207,216,182,206,212,207,221,178,188,215,191,224,200,218,191,185,188,200,228,188,208,183,190,190,213,230,195,212,222,192,229,195,215,203,184,214,223,195,224,211,207,178,221,228,185,209,196,197,,0.03,0.03,0.03,0.03,0.03,0.03,0.03,0.03,0.03,0.03,0.03,0.03,0.03,0.03,0.03,0.03,0.03,0.03,0.03,0.03,0.03,0.03,0.03,0.03,0.03,0.03,0.03,0.03,0.03,0.03,0.03,0.03,0.03,0.03,0.03,0.03,0.03,0.03,0.03,0.03,0.03,0.03,0.03,0.03,0.03,0.03,0.03,0.03,0.03,0.03,,0,-0.03,0.09,0.9,-1.4,0.24,0.52,0.18,1.09,-1.85,-1,0.69,-0.96,1.43,-0.21,1.04,-0.87,-1.27,-1.08,-0.41,1.66,-1.09,0.15,-1.3,-0.87,-0.83,0.59,1.7,-0.62,0.38,1.26,-0.83,1.53,-0.5,0.79,0.04,-1.33,0.64,1.23,-0.73,1.39,0.43,0.09,-1.63,1.19,1.7,-1.26,0.31,-0.55,-0.6
RSA5,2753,2741,2738,2663,2748,2807,2826,2699,2757,2759,2755,2662,2725,2776,2744,2620,2792,2832,2784,2769,2747,2687,2744,2680,2722,2777,2769,2686,2716,2711,2660,2693,2701,2729,2732,2692,2806,2761,2713,2746,2720,2694,2693,2697,2731,2716,2729,2733,2736,2635,,0.41,0.42,0.42,0.41,0.42,0.42,0.43,0.41,0.41,0.41,0.41,0.41,0.41,0.42,0.42,0.4,0.42,0.43,0.41,0.42,0.41,0.41,0.42,0.41,0.41,0.42,0.42,0.4,0.4,0.41,0.4,0.41,0.41,0.42,0.41,0.41,0.42,0.42,0.4,0.41,0.41,0.41,0.41,0.41,0.41,0.41,0.41,0.41,0.41,0.4,,-0.08,0.74,0.5,-0.73,0.65,1.56,2.18,-0.81,-0.2,0.19,-0.04,-0.95,0.23,1.69,0.56,-2.39,1.46,2,0.36,0.4,-0.2,-0.42,0.63,-0.36,0.09,0.92,0.98,-1.08,-1.06,-0.81,-2.03,-0.29,-0.28,0.68,0.31,-0.87,1.76,0.5,-1.12,-0.08,-0.77,-0.27,-0.45,0,0.28,-0.37,0.13,-0.09,-0.64,-2.41
RSD1,27,43,41,39,31,31,38,51,46,33,29,35,29,29,33,45,40,41,36,38,44,40,45,32,33,40,34,35,29,31,44,28,33,33,33,29,31,26,39,29,43,42,42,30,32,35,37,34,42,30,,0,0.01,0.01,0.01,0,0,0.01,0.01,0.01,0,0,0.01,0,0,0,0.01,0.01,0.01,0.01,0.01,0.01,0.01,0.01,0,0,0.01,0.01,0.01,0,0,0.01,0,0,0.01,0,0,0,0,0.01,0,0.01,0.01,0.01,0,0,0.01,0.01,0.01,0.01,0,,-1.5,1.26,0.83,0.63,-0.85,-0.75,0.32,2.61,1.61,-0.46,-1.17,-0.09,-1.17,-1.07,-0.51,1.63,0.66,0.92,-0.05,0.38,1.33,0.76,1.5,-0.56,-0.51,0.78,-0.34,-0.09,-1.21,-0.79,1.33,-1.27,-0.5,-0.39,-0.51,-1.09,-0.84,-1.61,0.45,-1.13,1.17,1.09,1,-0.9,-0.68,-0.07,0.16,-0.26,0.95,-0.96
RSD2,19,14,12,12,16,8,12,6,8,9,20,19,12,13,18,21,13,11,25,16,17,13,14,21,9,14,14,16,9,15,13,13,15,10,13,12,14,19,9,18,19,11,9,12,15,9,14,17,16,12,,0,0,0,0,0,0,0,0,0,0,0,0,0,0,0,0,0,0,0,0,0,0,0,0,0,0,0,0,0,0,0,0,0,0,0,0,0,0,0,0,0,0,0,0,0,0,0,0,0,0,,1.32,0.04,-0.48,-0.46,0.51,-1.5,-0.5,-2,-1.47,-1.23,1.57,1.3,-0.48,-0.21,1.01,1.72,-0.25,-0.76,2.79,0.52,0.81,-0.21,0.02,1.8,-1.23,-0.01,0,0.48,-1.22,0.27,-0.2,-0.21,0.27,-0.96,-0.24,-0.51,0,1.22,-1.22,1.02,1.32,-0.71,-1.23,-0.46,0.26,-1.25,0,0.72,0.53,-0.48
RSD3,159,178,170,174,182,180,201,184,191,192,177,171,189,156,166,226,180,184,196,173,161,175,228,173,207,186,216,181,194,170,182,193,168,177,205,179,188,206,202,161,184,188,183,176,171,188,195,198,162,196,,0.02,0.03,0.03,0.03,0.03,0.03,0.03,0.03,0.03,0.03,0.03,0.03,0.03,0.02,0.02,0.03,0.03,0.03,0.03,0.03,0.02,0.03,0.03,0.03,0.03,0.03,0.03,0.03,0.03,0.03,0.03,0.03,0.03,0.03,0.03,0.03,0.03,0.03,0.03,0.02,0.03,0.03,0.03,0.03,0.03,0.03,0.03,0.03,0.02,0.03,,-1.52,-0.42,-0.81,-0.75,-0.33,-0.21,1.02,0.02,0.31,0.61,-0.4,-0.85,0.37,-1.85,-1.3,2.64,-0.27,0.02,0.62,-0.58,-1.39,-0.6,2.79,-0.81,1.18,0.16,1.94,-0.16,0.5,-0.76,-0.09,0.51,-0.93,-0.57,1.06,-0.27,0.22,1.38,0.98,-1.32,0.03,0.2,0,-0.63,-1,0.29,0.65,0.89,-1.46,0.86
RTA1,52,48,63,64,44,57,40,58,68,52,42,72,41,44,56,67,53,59,53,52,50,63,50,62,38,65,60,50,53,51,49,52,62,56,75,47,48,65,41,56,45,48,50,56,48,45,55,55,53,58,,0.01,0.01,0.01,0.01,0.01,0.01,0.01,0.01,0.01,0.01,0.01,0.01,0.01,0.01,0.01,0.01,0.01,0.01,0.01,0.01,0.01,0.01,0.01,0.01,0.01,0.01,0.01,0.01,0.01,0.01,0.01,0.01,0.01,0.01,0.01,0.01,0.01,0.01,0.01,0.01,0.01,0.01,0.01,0.01,0.01,0.01,0.01,0.01,0.01,0.01,,-0.17,-0.66,1.14,1.2,-1.17,0.36,-1.69,0.53,1.66,-0.26,-1.36,2.19,-1.48,-1.16,0.25,1.55,-0.16,0.65,-0.11,-0.26,-0.41,1.12,-0.41,0.96,-1.88,1.31,0.66,-0.42,-0.11,-0.38,-0.53,-0.19,1.03,0.25,2.49,-0.82,-0.75,1.36,-1.53,0.21,-1,-0.66,-0.41,0.25,-0.7,-1.05,0.07,0.17,-0.11,0.44
SP-AIR,0,0,0,0,0,0,0,0,0,0,0,0,0,0,0,0,0,0,0,0,0,0,0,0,0,0,0,0,0,0,0,0,0,0,0,0,0,0,0,0,0,0,0,0,0,0,0,0,0,0,,0,0,0,0,0,0,0,0,0,0,0,0,0,0,0,0,0,0,0,0,0,0,0,0,0,0,0,0,0,0,0,0,0,0,0,0,0,0,0,0,0,0,0,0,0,0,0,0,0,0,,,,,,,,,,,,,,,,,,,,,,,,,,,,,,,,,,,,,,,,,,,,,,,,,,,
SP-ENT,0,0,0,0,0,0,0,0,0,0,0,0,0,0,1,0,0,0,0,0,0,0,0,0,0,0,0,0,0,0,0,0,0,0,0,0,0,0,0,0,0,0,0,0,0,0,0,0,0,0,,0,0,0,0,0,0,0,0,0,0,0,0,0,0,0,0,0,0,0,0,0,0,0,0,0,0,0,0,0,0,0,0,0,0,0,0,0,0,0,0,0,0,0,0,0,0,0,0,0,0,,-0.14,-0.14,-0.14,-0.14,-0.14,-0.14,-0.14,-0.14,-0.14,-0.14,-0.14,-0.14,-0.14,-0.14,6.93,-0.14,-0.14,-0.14,-0.14,-0.14,-0.14,-0.14,-0.14,-0.14,-0.14,-0.14,-0.14,-0.14,-0.14,-0.14,-0.14,-0.14,-0.14,-0.14,-0.14,-0.14,-0.14,-0.14,-0.14,-0.14,-0.14,-0.14,-0.14,-0.14,-0.14,-0.14,-0.14,-0.14,-0.14,-0.14
SPIN,1,0,0,2,1,1,1,0,2,3,1,0,0,3,1,1,1,0,0,1,1,0,1,3,0,1,1,0,0,1,0,0,0,2,1,1,1,1,2,0,0,0,2,0,1,0,1,1,1,1,,0,0,0,0,0,0,0,0,0,0,0,0,0,0,0,0,0,0,0,0,0,0,0,0,0,0,0,0,0,0,0,0,0,0,0,0,0,0,0,0,0,0,0,0,0,0,0,0,0,0,,0.2,-1,-1,1.37,0.18,0.2,0.19,-1,1.4,2.57,0.2,-1,-1,2.55,0.18,0.2,0.19,-1,-1,0.19,0.2,-1,0.18,2.55,-1,0.2,0.19,-1,-1,0.19,-1,-1,-1,1.37,0.18,0.2,0.19,0.2,1.4,-1,-1,-1,1.36,-1,0.18,-1,0.19,0.2,0.2,0.19
SPPO,4,6,5,2,3,0,5,3,2,2,5,3,3,4,4,1,1,3,1,0,1,6,5,3,1,4,3,4,2,3,2,6,2,2,6,3,4,0,1,2,6,9,2,3,3,2,2,3,2,3,,0,0,0,0,0,0,0,0,0,0,0,0,0,0,0,0,0,0,0,0,0,0,0,0,0,0,0,0,0,0,0,0,0,0,0,0,0,0,0,0,0,0,0,0,0,0,0,0,0,0,,0.51,1.57,1.1,-0.57,-0.01,-1.67,1.11,-0.01,-0.57,-0.56,1.05,-0.05,-0.01,0.53,0.54,-1.12,-1.11,-0.01,-1.12,-1.67,-1.12,1.57,1.1,-0.02,-1.11,0.51,0,0.54,-0.57,-0.01,-0.58,1.57,-0.56,-0.57,1.64,-0.03,0.56,-1.67,-1.12,-0.56,1.59,3.19,-0.56,-0.02,-0.01,-0.58,-0.55,-0.01,-0.57,-0.01
SP-STA,0,0,0,0,0,0,1,0,0,0,0,0,0,0,0,0,0,0,0,0,0,0,0,0,0,0,0,0,0,0,0,0,0,0,0,0,0,0,0,0,0,0,0,0,0,0,0,0,0,0,,0,0,0,0,0,0,0,0,0,0,0,0,0,0,0,0,0,0,0,0,0,0,0,0,0,0,0,0,0,0,0,0,0,0,0,0,0,0,0,0,0,0,0,0,0,0,0,0,0,0,,-0.14,-0.14,-0.14,-0.14,-0.14,-0.14,6.93,-0.14,-0.14,-0.14,-0.14,-0.14,-0.14,-0.14,-0.14,-0.14,-0.14,-0.14,-0.14,-0.14,-0.14,-0.14,-0.14,-0.14,-0.14,-0.14,-0.14,-0.14,-0.14,-0.14,-0.14,-0.14,-0.14,-0.14,-0.14,-0.14,-0.14,-0.14,-0.14,-0.14,-0.14,-0.14,-0.14,-0.14,-0.14,-0.14,-0.14,-0.14,-0.14,-0.14
EXTERIOR CONDITION,,,,,,,,,,,,,,,,,,,,,,,,,,,,,,,,,,,,,,,,,,,,,,,,,,,,,,,,,,,,,,,,,,,,,,,,,,,,,,,,,,,,,,,,,,,,,,,,,,,,,,,,,,,,,,,,,,,,,,,,,,,,,,,,,,,,,,,,,,,,,,,,,,,,,,,,
N/A,254,233,246,217,231,247,244,241,283,272,238,243,265,226,193,237,215,230,237,244,246,236,224,230,231,254,227,236,224,233,253,234,242,262,238,266,250,231,228,249,242,243,244,246,236,250,246,212,259,249,,0.04,0.04,0.04,0.03,0.04,0.04,0.04,0.04,0.04,0.04,0.04,0.04,0.04,0.03,0.03,0.04,0.03,0.03,0.04,0.04,0.04,0.04,0.03,0.03,0.03,0.04,0.03,0.04,0.03,0.04,0.04,0.04,0.04,0.04,0.04,0.04,0.04,0.03,0.03,0.04,0.04,0.04,0.04,0.04,0.04,0.04,0.04,0.03,0.04,0.04,,0.87,-0.45,0.48,-1.43,-0.53,0.48,0.2,0.21,2.49,2.01,-0.18,0.31,1.63,-0.91,-2.96,-0.41,-1.57,-0.64,-0.32,0.08,0.26,-0.3,-1.04,-0.57,-0.85,0.73,-0.79,-0.4,-1.16,-0.39,0.97,-0.46,0.23,1.61,-0.15,1.76,0.45,-0.59,-0.93,0.63,0.31,0.06,0.16,0.52,-0.4,0.71,0.17,-1.69,1.06,0.75
New Constr./Rehab.,141,139,164,157,163,138,136,159,155,132,159,123,144,146,143,152,140,135,166,160,152,137,157,157,179,166,164,155,146,155,141,137,146,134,137,129,147,153,157,152,166,158,156,154,145,151,168,163,106,129,,0.02,0.02,0.02,0.02,0.02,0.02,0.02,0.02,0.02,0.02,0.02,0.02,0.02,0.02,0.02,0.02,0.02,0.02,0.03,0.02,0.02,0.02,0.02,0.02,0.03,0.02,0.02,0.02,0.02,0.02,0.02,0.02,0.02,0.02,0.02,0.02,0.02,0.02,0.02,0.02,0.03,0.02,0.02,0.02,0.02,0.02,0.03,0.02,0.02,0.02,,-0.48,-0.81,1.15,0.44,1.14,-0.88,-0.83,0.72,0.45,-1.16,0.79,-1.84,-0.33,-0.24,-0.32,0.06,-0.67,-1.04,1.34,0.83,0.23,-0.79,0.43,0.63,2.19,1.15,0.97,0.36,-0.23,0.45,-0.52,-1.03,-0.32,-1.04,-0.95,-1.52,-0.08,0.39,0.54,0.3,1.38,0.65,0.58,0.24,-0.28,0.04,1.43,1.17,-3.17,-1.5
Above Average,263,249,214,259,257,261,251,241,250,238,253,249,238,277,266,228,235,270,232,244,237,258,245,258,236,279,248,259,251,222,232,262,229,226,234,228,281,242,255,250,255,230,228,216,249,245,248,251,254,239,,0.04,0.04,0.03,0.04,0.04,0.04,0.04,0.04,0.04,0.04,0.04,0.04,0.04,0.04,0.04,0.03,0.04,0.04,0.04,0.04,0.04,0.04,0.04,0.04,0.04,0.04,0.04,0.04,0.04,0.03,0.04,0.04,0.03,0.03,0.04,0.03,0.04,0.04,0.04,0.04,0.04,0.03,0.03,0.03,0.04,0.04,0.04,0.04,0.04,0.04,,0.85,0.16,-2.15,0.85,0.86,0.79,0.2,-0.2,0.09,-0.45,0.21,0.32,-0.65,2.1,1.2,-1.13,-0.61,1.56,-0.83,-0.11,-0.62,0.89,-0.31,0.68,-0.69,2.18,0.13,0.79,0.4,-1.7,-0.84,0.99,-1.19,-1.42,-0.88,-1.17,2.17,-0.18,0.27,0.08,0.61,-1.14,-1.25,-1.82,0.3,-0.14,0.22,0.48,0.46,-0.37
Average,5601,5578,5716,5557,5622,5682,5735,5618,5654,5643,5577,5605,5594,5619,5622,5625,5725,5636,5725,5618,5664,5593,5704,5588,5575,5641,5657,5540,5639,5559,5578,5547,5595,5656,5604,5621,5611,5691,5628,5673,5630,5584,5656,5581,5650,5596,5660,5694,5602,5558,,0.85,0.85,0.86,0.85,0.86,0.86,0.87,0.84,0.85,0.84,0.85,0.86,0.84,0.84,0.86,0.84,0.87,0.84,0.87,0.84,0.86,0.84,0.86,0.85,0.85,0.86,0.86,0.83,0.86,0.83,0.84,0.84,0.85,0.86,0.85,0.85,0.84,0.86,0.85,0.85,0.84,0.84,0.85,0.84,0.86,0.83,0.85,0.86,0.84,0.83,,0.08,0.03,0.99,-0.37,0.92,0.75,2.01,-0.97,0.42,-0.5,-0.37,0.69,-1.01,-0.51,0.69,-0.66,1.77,-0.84,2.2,-0.79,1.45,-0.53,1.19,0.04,-0.28,0.57,0.66,-1.38,1.01,-2.07,-0.84,-1.28,0.25,0.6,-0.26,0.52,-1.22,1.26,0.14,0.09,-0.76,-1.12,0.28,-0.55,0.82,-1.71,-0.27,1.34,-0.95,-1.52
Below Average,235,255,252,275,229,282,244,242,217,228,227,259,240,256,251,247,266,258,264,239,229,262,257,245,252,245,259,270,235,272,229,242,250,273,278,239,276,252,255,248,259,286,249,250,274,248,256,217,231,262,,0.04,0.04,0.04,0.04,0.03,0.04,0.04,0.04,0.03,0.03,0.03,0.04,0.04,0.04,0.04,0.04,0.04,0.04,0.04,0.04,0.03,0.04,0.04,0.04,0.04,0.04,0.04,0.04,0.04,0.04,0.03,0.04,0.04,0.04,0.04,0.04,0.04,0.04,0.04,0.04,0.04,0.04,0.04,0.04,0.04,0.04,0.04,0.03,0.03,0.04,,-0.97,0.32,-0.21,1.28,-1.28,1.73,-0.55,-0.48,-1.96,-1.46,-1.37,0.66,-0.69,0.38,-0.18,-0.25,0.74,0.47,0.97,-0.85,-1.43,0.8,0.22,-0.31,-0.15,-0.23,0.33,1.33,-1,1.28,-1.25,-0.48,-0.01,1.37,1.58,-0.59,1.26,0.01,0.19,-0.07,0.51,2.12,-0.03,-0.27,1.45,-0.18,0.18,-2.22,-1.33,0.62
Vacant,52,34,34,40,44,32,36,34,41,36,36,31,37,42,30,29,40,49,36,37,29,39,46,41,30,37,32,53,32,42,49,40,39,51,31,42,38,44,33,25,45,33,34,22,33,33,34,33,42,46,,0.01,0.01,0.01,0.01,0.01,0,0.01,0.01,0.01,0.01,0.01,0,0.01,0.01,0,0,0.01,0.01,0.01,0.01,0,0.01,0.01,0.01,0,0.01,0,0.01,0,0.01,0.01,0.01,0.01,0.01,0,0.01,0.01,0.01,0.01,0,0.01,0,0.01,0,0,0,0.01,0,0.01,0.01,,2.02,-0.5,-0.51,0.32,0.88,-0.85,-0.24,-0.52,0.54,-0.31,-0.28,-0.94,-0.12,0.61,-1.08,-1.22,0.34,1.74,-0.16,-0.08,-1.23,0.15,1.24,0.45,-1.09,-0.01,-0.85,2.23,-0.77,0.6,1.72,0.29,0.27,1.91,-0.91,0.65,0.07,1,-0.64,-1.83,1.11,-0.68,-0.47,-2.33,-0.68,-0.68,-0.48,-0.66,0.66,1.29
Sealed,84,74,72,83,72,69,77,81,79,73,75,74,77,73,71,74,66,68,76,73,83,63,75,79,71,65,85,54,67,74,60,81,91,92,87,80,79,60,71,80,73,86,73,79,72,61,62,66,81,72,,0.01,0.01,0.01,0.01,0.01,0.01,0.01,0.01,0.01,0.01,0.01,0.01,0.01,0.01,0.01,0.01,0.01,0.01,0.01,0.01,0.01,0.01,0.01,0.01,0.01,0.01,0.01,0.01,0.01,0.01,0.01,0.01,0.01,0.01,0.01,0.01,0.01,0.01,0.01,0.01,0.01,0.01,0.01,0.01,0.01,0.01,0.01,0.01,0.01,0.01,,1.05,-0.05,-0.3,1.16,-0.26,-0.64,0.41,0.7,0.63,-0.14,0.03,-0.13,0.27,-0.17,-0.39,0.02,-1.15,-0.85,0.26,-0.22,1,-1.34,0.18,0.55,-0.33,-1.04,1.31,-2.44,-0.98,-0.03,-1.82,0.87,2.2,2.1,1.51,0.8,0.5,-1.71,-0.51,0.81,-0.23,1.56,-0.16,0.6,-0.21,-1.58,-1.47,-0.99,0.8,-0.18
